-- ============================================================
-- TelyuStay - Data Dummy 300 Record
-- Import setelah database_asrama.sql
-- Total: 100 mahasiswa + 50 izin + 50 laporan + 50 payment + 50 log = 300
-- Plus data pendukung: gedung, kamar, senior resident, pengelola
-- ============================================================

USE database_asrama;

-- Hapus data lama (urutan dari tabel anak ke induk, aman untuk phpMyAdmin)
DELETE FROM activity_log;
DELETE FROM payment;
DELETE FROM facility_report;
DELETE FROM izin_keluar;
DELETE FROM users;
DELETE FROM kamar;
DELETE FROM gedung;

-- Gedung (6)
INSERT INTO gedung (kode_gedung, nama_gedung, jenis_gedung) VALUES
('GA', 'Gedung Anggrek', 'Putra'),
('GB', 'Gedung Bougenville', 'Putri'),
('GC', 'Gedung Cendana', 'Putra'),
('GD', 'Gedung Dahlia', 'Putri'),
('GE', 'Gedung Eucalyptus', 'Putra'),
('GF', 'Gedung Flamboyan', 'Putri');

-- Kamar (120)
INSERT INTO kamar (nomor_kamar, kapasitas, kode_gedung) VALUES
('GA101', 2, 'GA'),
('GA102', 2, 'GA'),
('GA103', 2, 'GA'),
('GA104', 2, 'GA'),
('GA201', 2, 'GA'),
('GA202', 2, 'GA'),
('GA203', 2, 'GA'),
('GA204', 2, 'GA'),
('GA301', 2, 'GA'),
('GA302', 2, 'GA'),
('GA303', 2, 'GA'),
('GA304', 2, 'GA'),
('GA401', 2, 'GA'),
('GA402', 2, 'GA'),
('GA403', 2, 'GA'),
('GA404', 2, 'GA'),
('GA501', 2, 'GA'),
('GA502', 2, 'GA'),
('GA503', 2, 'GA'),
('GA504', 2, 'GA'),
('GB101', 2, 'GB'),
('GB102', 2, 'GB'),
('GB103', 2, 'GB'),
('GB104', 2, 'GB'),
('GB201', 2, 'GB'),
('GB202', 2, 'GB'),
('GB203', 2, 'GB'),
('GB204', 2, 'GB'),
('GB301', 2, 'GB'),
('GB302', 2, 'GB'),
('GB303', 2, 'GB'),
('GB304', 2, 'GB'),
('GB401', 2, 'GB'),
('GB402', 2, 'GB'),
('GB403', 2, 'GB'),
('GB404', 2, 'GB'),
('GB501', 2, 'GB'),
('GB502', 2, 'GB'),
('GB503', 2, 'GB'),
('GB504', 2, 'GB'),
('GC101', 2, 'GC'),
('GC102', 2, 'GC'),
('GC103', 2, 'GC'),
('GC104', 2, 'GC'),
('GC201', 2, 'GC'),
('GC202', 2, 'GC'),
('GC203', 2, 'GC'),
('GC204', 2, 'GC'),
('GC301', 2, 'GC'),
('GC302', 2, 'GC'),
('GC303', 2, 'GC'),
('GC304', 2, 'GC'),
('GC401', 2, 'GC'),
('GC402', 2, 'GC'),
('GC403', 2, 'GC'),
('GC404', 2, 'GC'),
('GC501', 2, 'GC'),
('GC502', 2, 'GC'),
('GC503', 2, 'GC'),
('GC504', 2, 'GC'),
('GD101', 2, 'GD'),
('GD102', 2, 'GD'),
('GD103', 2, 'GD'),
('GD104', 2, 'GD'),
('GD201', 2, 'GD'),
('GD202', 2, 'GD'),
('GD203', 2, 'GD'),
('GD204', 2, 'GD'),
('GD301', 2, 'GD'),
('GD302', 2, 'GD'),
('GD303', 2, 'GD'),
('GD304', 2, 'GD'),
('GD401', 2, 'GD'),
('GD402', 2, 'GD'),
('GD403', 2, 'GD'),
('GD404', 2, 'GD'),
('GD501', 2, 'GD'),
('GD502', 2, 'GD'),
('GD503', 2, 'GD'),
('GD504', 2, 'GD'),
('GE101', 2, 'GE'),
('GE102', 2, 'GE'),
('GE103', 2, 'GE'),
('GE104', 2, 'GE'),
('GE201', 2, 'GE'),
('GE202', 2, 'GE'),
('GE203', 2, 'GE'),
('GE204', 2, 'GE'),
('GE301', 2, 'GE'),
('GE302', 2, 'GE'),
('GE303', 2, 'GE'),
('GE304', 2, 'GE'),
('GE401', 2, 'GE'),
('GE402', 2, 'GE'),
('GE403', 2, 'GE'),
('GE404', 2, 'GE'),
('GE501', 2, 'GE'),
('GE502', 2, 'GE'),
('GE503', 2, 'GE'),
('GE504', 2, 'GE'),
('GF101', 2, 'GF'),
('GF102', 2, 'GF'),
('GF103', 2, 'GF'),
('GF104', 2, 'GF'),
('GF201', 2, 'GF'),
('GF202', 2, 'GF'),
('GF203', 2, 'GF'),
('GF204', 2, 'GF'),
('GF301', 2, 'GF'),
('GF302', 2, 'GF'),
('GF303', 2, 'GF'),
('GF304', 2, 'GF'),
('GF401', 2, 'GF'),
('GF402', 2, 'GF'),
('GF403', 2, 'GF'),
('GF404', 2, 'GF'),
('GF501', 2, 'GF'),
('GF502', 2, 'GF'),
('GF503', 2, 'GF'),
('GF504', 2, 'GF');

-- Senior Resident & Pengelola Gedung (12)
INSERT INTO users (id, nama, role, username, password, nomor_sr, nomor_pegawai, nim, prodi, no_telepon, kode_gedung_tugas) VALUES
('SR001', 'Senior Resident Gedung Anggrek', 'SeniorResident', 'sr_ga', '12345', 'SR-01', NULL, NULL, NULL, NULL, 'GA'),
('PG001', 'Pengelola Gedung Anggrek', 'PengelolaGedung', 'pg_ga', '12345', NULL, 'PG-01', NULL, NULL, NULL, 'GA'),
('SR002', 'Senior Resident Gedung Bougenville', 'SeniorResident', 'sr_gb', '12345', 'SR-02', NULL, NULL, NULL, NULL, 'GB'),
('PG002', 'Pengelola Gedung Bougenville', 'PengelolaGedung', 'pg_gb', '12345', NULL, 'PG-02', NULL, NULL, NULL, 'GB'),
('SR003', 'Senior Resident Gedung Cendana', 'SeniorResident', 'sr_gc', '12345', 'SR-03', NULL, NULL, NULL, NULL, 'GC'),
('PG003', 'Pengelola Gedung Cendana', 'PengelolaGedung', 'pg_gc', '12345', NULL, 'PG-03', NULL, NULL, NULL, 'GC'),
('SR004', 'Senior Resident Gedung Dahlia', 'SeniorResident', 'sr_gd', '12345', 'SR-04', NULL, NULL, NULL, NULL, 'GD'),
('PG004', 'Pengelola Gedung Dahlia', 'PengelolaGedung', 'pg_gd', '12345', NULL, 'PG-04', NULL, NULL, NULL, 'GD'),
('SR005', 'Senior Resident Gedung Eucalyptus', 'SeniorResident', 'sr_ge', '12345', 'SR-05', NULL, NULL, NULL, NULL, 'GE'),
('PG005', 'Pengelola Gedung Eucalyptus', 'PengelolaGedung', 'pg_ge', '12345', NULL, 'PG-05', NULL, NULL, NULL, 'GE'),
('SR006', 'Senior Resident Gedung Flamboyan', 'SeniorResident', 'sr_gf', '12345', 'SR-06', NULL, NULL, NULL, NULL, 'GF'),
('PG006', 'Pengelola Gedung Flamboyan', 'PengelolaGedung', 'pg_gf', '12345', NULL, 'PG-06', NULL, NULL, NULL, 'GF');

-- Mahasiswa (100)
INSERT INTO users (id, nama, role, username, password, nim, prodi, no_telepon, nomor_kamar) VALUES
('MHS001', 'Vero Halim', 'Mahasiswa', 'vero1', '12345', '13012704201', 'Teknik Industri', '082748309234', 'GB103'),
('MHS002', 'Gita Kusuma', 'Mahasiswa', 'gita2', '12345', '13012790993', 'Desain Komunikasi Visual', '086816663775', 'GC501'),
('MHS003', 'Bayu Siregar', 'Mahasiswa', 'bayu3', '12345', '13012864491', 'Informatika', '081422701550', 'GA201'),
('MHS004', 'Adit Nasution', 'Mahasiswa', 'adit4', '12345', '13012455784', 'Sistem Informasi', '082067970820', 'GC103'),
('MHS005', 'Maya Gunawan', 'Mahasiswa', 'maya5', '12345', '13012570405', 'Teknik Elektro', '082811967841', 'GC401'),
('MHS006', 'Rizky Siregar', 'Mahasiswa', 'rizky6', '12345', '13012361941', 'Sistem Informasi', '083363629219', 'GE503'),
('MHS007', 'Dewi Julianto', 'Mahasiswa', 'dewi7', '12345', '13012666847', 'Informatika', '085161807235', 'GF201'),
('MHS008', 'Xena Lestari', 'Mahasiswa', 'xena8', '12345', '13012274389', 'Desain Komunikasi Visual', '087380780055', 'GD203'),
('MHS009', 'Nadia Maulana', 'Mahasiswa', 'nadia9', '12345', '13012161483', 'Teknik Elektro', '082627677155', 'GF404'),
('MHS010', 'Zahra Nugroho', 'Mahasiswa', 'zahra10', '12345', '13012922157', 'Teknik Industri', '086520103410', 'GB103'),
('MHS011', 'Tegar Nasution', 'Mahasiswa', 'tegar11', '12345', '13012921414', 'Akuntansi', '083090237817', 'GD104'),
('MHS012', 'Maya Permana', 'Mahasiswa', 'maya12', '12345', '13012328275', 'Informatika', '083328710672', 'GE501'),
('MHS013', 'Wahyu Setiawan', 'Mahasiswa', 'wahyu13', '12345', '13012159942', 'Informatika', '087803990970', 'GA403'),
('MHS014', 'Hana Firmansyah', 'Mahasiswa', 'hana14', '12345', '13012265080', 'Informatika', '081798112150', 'GB504'),
('MHS015', 'Nabila Saputra', 'Mahasiswa', 'nabila15', '12345', '13012808011', 'Teknik Telekomunikasi', '082734202799', 'GC502'),
('MHS016', 'Laras Lestari', 'Mahasiswa', 'laras16', '12345', '13012707040', 'Teknik Logistik', '089760623742', 'GD303'),
('MHS017', 'Fajar Purnama', 'Mahasiswa', 'fajar17', '12345', '13012789305', 'Teknik Logistik', '082119980130', 'GA303'),
('MHS018', 'Rafi Mahardika', 'Mahasiswa', 'rafi18', '12345', '13012429445', 'Teknik Telekomunikasi', '086435772945', 'GD102'),
('MHS019', 'Indra Kurniawan', 'Mahasiswa', 'indra19', '12345', '13012776856', 'Manajemen', '087258731893', 'GE404'),
('MHS020', 'Xena Saputra', 'Mahasiswa', 'xena20', '12345', '13012109767', 'Teknik Industri', '081429416213', 'GF104'),
('MHS021', 'Jihan Santoso', 'Mahasiswa', 'jihan21', '12345', '13012630458', 'Manajemen', '086344160868', 'GD502'),
('MHS022', 'Sinta Ramadhan', 'Mahasiswa', 'sinta22', '12345', '13012559469', 'Akuntansi', '088316648259', 'GE301'),
('MHS023', 'Oki Julianto', 'Mahasiswa', 'oki23', '12345', '13012654634', 'Informatika', '087676965974', 'GB402'),
('MHS024', 'Rafi Kusuma', 'Mahasiswa', 'rafi24', '12345', '13012240814', 'Manajemen', '083376077463', 'GD102'),
('MHS025', 'Rizky Permana', 'Mahasiswa', 'rizky25', '12345', '13012734210', 'Teknik Telekomunikasi', '088377088167', 'GD403'),
('MHS026', 'Nadia Kurniawan', 'Mahasiswa', 'nadia26', '12345', '13012765046', 'Manajemen', '087465682673', 'GF304'),
('MHS027', 'Qori Wijaya', 'Mahasiswa', 'qori27', '12345', '13012196781', 'Desain Komunikasi Visual', '088856990236', 'GC103'),
('MHS028', 'Citra Pratama', 'Mahasiswa', 'citra28', '12345', '13012449759', 'Teknik Elektro', '082125089309', 'GF403'),
('MHS029', 'Wahyu Siregar', 'Mahasiswa', 'wahyu29', '12345', '13012678478', 'Desain Komunikasi Visual', '083409076656', 'GF102'),
('MHS030', 'Hadi Saputra', 'Mahasiswa', 'hadi30', '12345', '13012824586', 'Teknik Elektro', '083343292475', 'GC504'),
('MHS031', 'Yoga Halim', 'Mahasiswa', 'yoga31', '12345', '13012679364', 'Teknik Elektro', '082845919895', 'GE102'),
('MHS032', 'Citra Permana', 'Mahasiswa', 'citra32', '12345', '13012482364', 'Informatika', '089155819200', 'GB303'),
('MHS033', 'Nadia Kurniawan', 'Mahasiswa', 'nadia33', '12345', '13012361650', 'Sistem Informasi', '089051829827', 'GB501'),
('MHS034', 'Oki Nasution', 'Mahasiswa', 'oki34', '12345', '13012262060', 'Teknik Telekomunikasi', '084713453204', 'GF501'),
('MHS035', 'Lia Purnama', 'Mahasiswa', 'lia35', '12345', '13012125990', 'Teknik Elektro', '089292791081', 'GA203'),
('MHS036', 'Rafi Nasution', 'Mahasiswa', 'rafi36', '12345', '13012950132', 'Teknik Telekomunikasi', '082145921803', 'GF504'),
('MHS037', 'Tegar Kusuma', 'Mahasiswa', 'tegar37', '12345', '13012501124', 'Informatika', '088982597239', 'GC303'),
('MHS038', 'Omar Santoso', 'Mahasiswa', 'omar38', '12345', '13012956253', 'Teknik Industri', '086796738787', 'GA402'),
('MHS039', 'Omar Lestari', 'Mahasiswa', 'omar39', '12345', '13012124813', 'Teknik Telekomunikasi', '087006365648', 'GF101'),
('MHS040', 'Rizky Saputra', 'Mahasiswa', 'rizky40', '12345', '13012910891', 'Manajemen', '087482848011', 'GC403'),
('MHS041', 'Salma Gunawan', 'Mahasiswa', 'salma41', '12345', '13012447235', 'Informatika', '089462806178', 'GD302'),
('MHS042', 'Lia Halim', 'Mahasiswa', 'lia42', '12345', '13012378361', 'Informatika', '087161404428', 'GA202'),
('MHS043', 'Vero Setiawan', 'Mahasiswa', 'vero43', '12345', '13012557592', 'Teknik Logistik', '085791662169', 'GF302'),
('MHS044', 'Laras Santoso', 'Mahasiswa', 'laras44', '12345', '13012367095', 'Informatika', '088339176912', 'GA404'),
('MHS045', 'Ahmad Firmansyah', 'Mahasiswa', 'ahmad45', '12345', '13012945687', 'Akuntansi', '086141226746', 'GB102'),
('MHS046', 'Candra Saputra', 'Mahasiswa', 'candra46', '12345', '13012796503', 'Ilmu Komunikasi', '087971399399', 'GF204'),
('MHS047', 'Rafi Kusuma', 'Mahasiswa', 'rafi47', '12345', '13012854717', 'Manajemen', '087473041886', 'GC304'),
('MHS048', 'Rafi Purnama', 'Mahasiswa', 'rafi48', '12345', '13012442027', 'Desain Komunikasi Visual', '088289454630', 'GC201'),
('MHS049', 'Kevin Hidayat', 'Mahasiswa', 'kevin49', '12345', '13012301158', 'Desain Komunikasi Visual', '087739255769', 'GA103'),
('MHS050', 'Adit Gunawan', 'Mahasiswa', 'adit50', '12345', '13012974224', 'Informatika', '086600100279', 'GE304'),
('MHS051', 'Nadia Purnama', 'Mahasiswa', 'nadia51', '12345', '13012923927', 'Teknik Logistik', '086679017210', 'GD101'),
('MHS052', 'Dian Siregar', 'Mahasiswa', 'dian52', '12345', '13012808446', 'Teknik Telekomunikasi', '087490442894', 'GB203'),
('MHS053', 'Wahyu Ramadhan', 'Mahasiswa', 'wahyu53', '12345', '13012790855', 'Sistem Informasi', '087954672204', 'GA103'),
('MHS054', 'Fajar Lestari', 'Mahasiswa', 'fajar54', '12345', '13012805477', 'Manajemen', '081855256552', 'GD202'),
('MHS055', 'Budi Wijaya', 'Mahasiswa', 'budi55', '12345', '13012356736', 'Teknik Industri', '084300636585', 'GB303'),
('MHS056', 'Erlang Purnama', 'Mahasiswa', 'erlang56', '12345', '13012760356', 'Teknik Logistik', '088285786023', 'GA102'),
('MHS057', 'Galih Maulana', 'Mahasiswa', 'galih57', '12345', '13012355836', 'Teknik Elektro', '082825989011', 'GA204'),
('MHS058', 'Lia Mahardika', 'Mahasiswa', 'lia58', '12345', '13012643118', 'Teknik Industri', '089805620900', 'GB501'),
('MHS059', 'Putri Kusuma', 'Mahasiswa', 'putri59', '12345', '13012578634', 'Teknik Elektro', '088737025391', 'GD101'),
('MHS060', 'Rafi Firmansyah', 'Mahasiswa', 'rafi60', '12345', '13012686075', 'Teknik Logistik', '088995059760', 'GD503'),
('MHS061', 'Dian Nugroho', 'Mahasiswa', 'dian61', '12345', '13012888295', 'Teknik Telekomunikasi', '086322520473', 'GD402'),
('MHS062', 'Dian Saputra', 'Mahasiswa', 'dian62', '12345', '13012848206', 'Manajemen', '086302109556', 'GE501'),
('MHS063', 'Vina Setiawan', 'Mahasiswa', 'vina63', '12345', '13012666390', 'Sistem Informasi', '081594312071', 'GC302'),
('MHS064', 'Omar Maulana', 'Mahasiswa', 'omar64', '12345', '13012827659', 'Teknik Elektro', '084034047118', 'GF102'),
('MHS065', 'Eka Purnama', 'Mahasiswa', 'eka65', '12345', '13012527398', 'Ilmu Komunikasi', '087625464411', 'GA102'),
('MHS066', 'Bayu Wijaya', 'Mahasiswa', 'bayu66', '12345', '13012316881', 'Desain Komunikasi Visual', '087767538527', 'GD501'),
('MHS067', 'Farhan Pratama', 'Mahasiswa', 'farhan67', '12345', '13012468845', 'Manajemen', '088531118333', 'GF401'),
('MHS068', 'Bayu Gunawan', 'Mahasiswa', 'bayu68', '12345', '13012883826', 'Akuntansi', '084856070374', 'GC101'),
('MHS069', 'Galih Lestari', 'Mahasiswa', 'galih69', '12345', '13012386193', 'Desain Komunikasi Visual', '083085816511', 'GC302'),
('MHS070', 'Zahra Setiawan', 'Mahasiswa', 'zahra70', '12345', '13012801364', 'Desain Komunikasi Visual', '084110335359', 'GD403'),
('MHS071', 'Erlang Hidayat', 'Mahasiswa', 'erlang71', '12345', '13012752483', 'Akuntansi', '081116402431', 'GD401'),
('MHS072', 'Qonita Purnama', 'Mahasiswa', 'qonita72', '12345', '13012242291', 'Teknik Industri', '081780520225', 'GB104'),
('MHS073', 'Qori Maulana', 'Mahasiswa', 'qori73', '12345', '13012443254', 'Teknik Telekomunikasi', '087247886041', 'GC501'),
('MHS074', 'Vina Maulana', 'Mahasiswa', 'vina74', '12345', '13012391773', 'Desain Komunikasi Visual', '085646751885', 'GE103'),
('MHS075', 'Budi Nasution', 'Mahasiswa', 'budi75', '12345', '13012665621', 'Informatika', '082503068227', 'GB503'),
('MHS076', 'Qonita Saputra', 'Mahasiswa', 'qonita76', '12345', '13012919182', 'Informatika', '084239406957', 'GA504'),
('MHS077', 'Putri Santoso', 'Mahasiswa', 'putri77', '12345', '13012979995', 'Informatika', '083668616333', 'GA203'),
('MHS078', 'Putri Hidayat', 'Mahasiswa', 'putri78', '12345', '13012596564', 'Sistem Informasi', '086231117883', 'GB504'),
('MHS079', 'Tegar Nugroho', 'Mahasiswa', 'tegar79', '12345', '13012904150', 'Ilmu Komunikasi', '084518871744', 'GF402'),
('MHS080', 'Taufik Kusuma', 'Mahasiswa', 'taufik80', '12345', '13012706794', 'Informatika', '089284507318', 'GB401'),
('MHS081', 'Laras Kurniawan', 'Mahasiswa', 'laras81', '12345', '13012493537', 'Desain Komunikasi Visual', '081851819913', 'GA501'),
('MHS082', 'Mirza Mahardika', 'Mahasiswa', 'mirza82', '12345', '13012970917', 'Teknik Telekomunikasi', '088612747444', 'GA101'),
('MHS083', 'Salma Iskandar', 'Mahasiswa', 'salma83', '12345', '13012944657', 'Sistem Informasi', '085471357886', 'GF204'),
('MHS084', 'Jihan Purnama', 'Mahasiswa', 'jihan84', '12345', '13012793655', 'Ilmu Komunikasi', '089886101513', 'GF101'),
('MHS085', 'Qonita Setiawan', 'Mahasiswa', 'qonita85', '12345', '13012113266', 'Desain Komunikasi Visual', '088826851692', 'GE503'),
('MHS086', 'Gita Purnama', 'Mahasiswa', 'gita86', '12345', '13012479781', 'Teknik Industri', '084037867512', 'GA503'),
('MHS087', 'Candra Ramadhan', 'Mahasiswa', 'candra87', '12345', '13012869440', 'Akuntansi', '087371573279', 'GE101'),
('MHS088', 'Candra Nasution', 'Mahasiswa', 'candra88', '12345', '13012721254', 'Manajemen', '085014170428', 'GE402'),
('MHS089', 'Rizky Siregar', 'Mahasiswa', 'rizky89', '12345', '13012355709', 'Teknik Industri', '088164814926', 'GC102'),
('MHS090', 'Vina Pratama', 'Mahasiswa', 'vina90', '12345', '13012618317', 'Ilmu Komunikasi', '086075963527', 'GA502'),
('MHS091', 'Nadia Anggraini', 'Mahasiswa', 'nadia91', '12345', '13012936587', 'Manajemen', '086756711494', 'GF202'),
('MHS092', 'Nabila Mahardika', 'Mahasiswa', 'nabila92', '12345', '13012389688', 'Akuntansi', '089633533290', 'GD504'),
('MHS093', 'Maya Saputra', 'Mahasiswa', 'maya93', '12345', '13012353080', 'Desain Komunikasi Visual', '084256292393', 'GC404'),
('MHS094', 'Tegar Utami', 'Mahasiswa', 'tegar94', '12345', '13012777278', 'Teknik Industri', '081074059253', 'GE204'),
('MHS095', 'Sinta Lestari', 'Mahasiswa', 'sinta95', '12345', '13012524045', 'Teknik Telekomunikasi', '087792729530', 'GC402'),
('MHS096', 'Farhan Gunawan', 'Mahasiswa', 'farhan96', '12345', '13012656711', 'Ilmu Komunikasi', '086715705115', 'GF103'),
('MHS097', 'Tegar Siregar', 'Mahasiswa', 'tegar97', '12345', '13012384076', 'Manajemen', '082079770569', 'GF502'),
('MHS098', 'Hadi Nasution', 'Mahasiswa', 'hadi98', '12345', '13012301939', 'Ilmu Komunikasi', '081795212538', 'GA501'),
('MHS099', 'Nadia Nasution', 'Mahasiswa', 'nadia99', '12345', '13012607719', 'Manajemen', '086128695961', 'GD204'),
('MHS100', 'Omar Anggraini', 'Mahasiswa', 'omar100', '12345', '13012288158', 'Manajemen', '089650701349', 'GF203');

-- Izin Keluar (50)
INSERT INTO izin_keluar (izin_id, mahasiswa_id, tujuan, waktu_keluar, waktu_kembali, status, alasan_penolakan) VALUES
('IZN-001', 'MHS069', 'Keperluan pribadi mendesak', '2026-06-12 07:35:00', '2026-06-13 22:35:00', 'DIAJUKAN', NULL),
('IZN-002', 'MHS017', 'Urusan kependudukan', '2026-03-13 21:06:00', '2026-03-14 00:06:00', 'DITOLAK', 'Dokumen tidak lengkap'),
('IZN-003', 'MHS037', 'Urusan bank', '2026-04-22 16:11:00', '2026-04-23 00:11:00', 'DISETUJUI', NULL),
('IZN-004', 'MHS062', 'Urusan kependudukan', '2026-06-09 18:31:00', '2026-06-10 05:31:00', 'DIAJUKAN', NULL),
('IZN-005', 'MHS081', 'Keperluan keluarga', '2026-05-29 10:51:00', '2026-05-31 02:51:00', 'SELESAI', NULL),
('IZN-006', 'MHS032', 'Menghadiri pernikahan kerabat', '2026-03-12 19:38:00', '2026-03-14 01:38:00', 'DIAJUKAN', NULL),
('IZN-007', 'MHS049', 'Urusan bank', '2026-04-22 15:55:00', '2026-04-24 23:55:00', 'DISETUJUI', NULL),
('IZN-008', 'MHS073', 'Kunjungan ke kampus pusat', '2026-03-31 09:48:00', '2026-04-01 13:48:00', 'DITOLAK', 'Dokumen tidak lengkap'),
('IZN-009', 'MHS028', 'Menghadiri pernikahan kerabat', '2026-06-07 11:15:00', '2026-06-08 11:15:00', 'DISETUJUI', NULL),
('IZN-010', 'MHS010', 'Urusan bank', '2026-04-26 20:44:00', '2026-04-29 10:44:00', 'DIAJUKAN', NULL),
('IZN-011', 'MHS005', 'Keperluan keluarga', '2026-03-19 15:44:00', '2026-03-22 03:44:00', 'DISETUJUI', NULL),
('IZN-012', 'MHS088', 'Menghadiri pernikahan kerabat', '2026-05-15 12:27:00', '2026-05-16 04:27:00', 'DISETUJUI', NULL),
('IZN-013', 'MHS029', 'Keperluan keluarga', '2026-02-21 14:52:00', '2026-02-22 10:52:00', 'DITOLAK', 'Dokumen tidak lengkap'),
('IZN-014', 'MHS008', 'Liburan akhir pekan', '2026-05-09 15:28:00', '2026-05-10 08:28:00', 'DIAJUKAN', NULL),
('IZN-015', 'MHS089', 'Liburan akhir pekan', '2026-04-27 14:32:00', '2026-04-30 13:32:00', 'DISETUJUI', NULL),
('IZN-016', 'MHS057', 'Urusan kependudukan', '2026-06-12 19:47:00', '2026-06-14 14:47:00', 'DIAJUKAN', NULL),
('IZN-017', 'MHS033', 'Urusan kependudukan', '2026-05-19 06:48:00', '2026-05-20 18:48:00', 'DIAJUKAN', NULL),
('IZN-018', 'MHS006', 'Urusan bank', '2026-05-26 21:33:00', '2026-05-29 07:33:00', 'SELESAI', NULL),
('IZN-019', 'MHS024', 'Keperluan akademik di kampus lain', '2026-04-23 21:05:00', '2026-04-26 11:05:00', 'SELESAI', NULL),
('IZN-020', 'MHS053', 'Keperluan akademik di kampus lain', '2026-03-24 09:54:00', '2026-03-25 07:54:00', 'DISETUJUI', NULL),
('IZN-021', 'MHS053', 'Pulang ke rumah orang tua', '2026-05-12 18:52:00', '2026-05-15 18:52:00', 'SELESAI', NULL),
('IZN-022', 'MHS059', 'Menghadiri pernikahan kerabat', '2026-05-16 16:07:00', '2026-05-18 21:07:00', 'DIAJUKAN', NULL),
('IZN-023', 'MHS001', 'Kunjungan rumah sakit', '2026-04-09 20:26:00', '2026-04-10 04:26:00', 'SELESAI', NULL),
('IZN-024', 'MHS067', 'Pulang ke rumah orang tua', '2026-03-13 21:40:00', '2026-03-16 07:40:00', 'DISETUJUI', NULL),
('IZN-025', 'MHS027', 'Keperluan keluarga', '2026-06-01 15:28:00', '2026-06-04 07:28:00', 'DISETUJUI', NULL),
('IZN-026', 'MHS004', 'Urusan bank', '2026-04-01 13:45:00', '2026-04-02 11:45:00', 'SELESAI', NULL),
('IZN-027', 'MHS071', 'Liburan akhir pekan', '2026-04-26 08:14:00', '2026-04-27 00:14:00', 'DIAJUKAN', NULL),
('IZN-028', 'MHS016', 'Menghadiri pernikahan kerabat', '2026-05-29 21:59:00', '2026-05-31 12:59:00', 'DITOLAK', 'Dokumen tidak lengkap'),
('IZN-029', 'MHS091', 'Liburan akhir pekan', '2026-03-03 21:30:00', '2026-03-05 06:30:00', 'DISETUJUI', NULL),
('IZN-030', 'MHS071', 'Keperluan keluarga', '2026-05-24 22:47:00', '2026-05-25 17:47:00', 'DIAJUKAN', NULL),
('IZN-031', 'MHS036', 'Urusan bank', '2026-02-28 19:21:00', '2026-03-03 13:21:00', 'SELESAI', NULL),
('IZN-032', 'MHS001', 'Liburan akhir pekan', '2026-05-10 21:55:00', '2026-05-11 18:55:00', 'DISETUJUI', NULL),
('IZN-033', 'MHS069', 'Kunjungan rumah sakit', '2026-05-06 18:29:00', '2026-05-08 13:29:00', 'DISETUJUI', NULL),
('IZN-034', 'MHS090', 'Pulang ke rumah orang tua', '2026-04-29 13:54:00', '2026-05-01 19:54:00', 'DISETUJUI', NULL),
('IZN-035', 'MHS041', 'Liburan akhir pekan', '2026-03-19 18:24:00', '2026-03-20 15:24:00', 'SELESAI', NULL),
('IZN-036', 'MHS005', 'Liburan akhir pekan', '2026-04-03 16:55:00', '2026-04-04 06:55:00', 'DIAJUKAN', NULL),
('IZN-037', 'MHS013', 'Mengikuti seminar', '2026-04-20 06:46:00', '2026-04-21 02:46:00', 'DISETUJUI', NULL),
('IZN-038', 'MHS084', 'Keperluan akademik di kampus lain', '2026-06-08 21:50:00', '2026-06-10 08:50:00', 'SELESAI', NULL),
('IZN-039', 'MHS080', 'Kunjungan ke kampus pusat', '2026-03-26 08:54:00', '2026-03-28 04:54:00', 'SELESAI', NULL),
('IZN-040', 'MHS069', 'Pulang ke rumah orang tua', '2026-05-08 21:55:00', '2026-05-11 20:55:00', 'DISETUJUI', NULL),
('IZN-041', 'MHS080', 'Mengikuti seminar', '2026-03-29 15:14:00', '2026-03-30 04:14:00', 'DIAJUKAN', NULL),
('IZN-042', 'MHS013', 'Keperluan pribadi mendesak', '2026-03-19 09:28:00', '2026-03-20 08:28:00', 'SELESAI', NULL),
('IZN-043', 'MHS039', 'Urusan bank', '2026-06-12 16:50:00', '2026-06-13 01:50:00', 'SELESAI', NULL),
('IZN-044', 'MHS046', 'Urusan kependudukan', '2026-05-30 13:33:00', '2026-06-01 19:33:00', 'DISETUJUI', NULL),
('IZN-045', 'MHS088', 'Urusan kependudukan', '2026-05-27 11:05:00', '2026-05-29 13:05:00', 'SELESAI', NULL),
('IZN-046', 'MHS088', 'Kunjungan ke kampus pusat', '2026-02-21 10:14:00', '2026-02-23 23:14:00', 'DISETUJUI', NULL),
('IZN-047', 'MHS033', 'Urusan bank', '2026-03-24 06:57:00', '2026-03-26 19:57:00', 'DISETUJUI', NULL),
('IZN-048', 'MHS087', 'Kunjungan ke kampus pusat', '2026-06-08 20:22:00', '2026-06-10 12:22:00', 'DISETUJUI', NULL),
('IZN-049', 'MHS055', 'Liburan akhir pekan', '2026-04-20 15:12:00', '2026-04-22 18:12:00', 'SELESAI', NULL),
('IZN-050', 'MHS014', 'Keperluan pribadi mendesak', '2026-04-05 17:36:00', '2026-04-07 08:36:00', 'DISETUJUI', NULL);

-- Laporan Fasilitas (50)
INSERT INTO facility_report (report_id, mahasiswa_id, deskripsi, lokasi, tanggal_lapor, status) VALUES
('RPT-001', 'MHS038', 'Lampu koridor mati', 'Kamar 402', '2026-05-13 06:36:00', 'SELESAI'),
('RPT-002', 'MHS100', 'Ventilasi kamar tersumbat', 'Kamar 203', '2026-05-12 13:38:00', 'DIPROSES'),
('RPT-003', 'MHS029', 'Kipas angin berisik', 'Ruang tamu gedung 102', '2026-03-23 10:40:00', 'BARU'),
('RPT-004', 'MHS081', 'Lantai licin di koridor', 'Kamar 501', '2026-04-22 07:37:00', 'DIPROSES'),
('RPT-005', 'MHS094', 'AC tidak dingin', 'Koridor lantai 204', '2026-05-11 16:47:00', 'DIPROSES'),
('RPT-006', 'MHS023', 'Stop kontak rusak', 'Ruang tamu gedung 402', '2026-04-09 17:33:00', 'SELESAI'),
('RPT-007', 'MHS035', 'Kipas angin berisik', 'Koridor lantai 203', '2026-04-17 15:47:00', 'DIPROSES'),
('RPT-008', 'MHS015', 'AC tidak dingin', 'Parkir gedung 502', '2026-05-30 13:55:00', 'SELESAI'),
('RPT-009', 'MHS093', 'Tombol flush WC rusak', 'Laundry 404', '2026-06-06 18:00:00', 'DIPROSES'),
('RPT-010', 'MHS069', 'Colokan listrik panas', 'Kamar mandi 302', '2026-05-01 14:37:00', 'DIPROSES'),
('RPT-011', 'MHS082', 'Pintu kamar susah dikunci', 'Musholla 101', '2026-03-23 13:30:00', 'BARU'),
('RPT-012', 'MHS080', 'Keran shower rusak', 'Tangga darurat 401', '2026-03-31 13:41:00', 'BARU'),
('RPT-013', 'MHS082', 'Lantai licin di koridor', 'Parkir gedung 101', '2026-03-26 19:07:00', 'BARU'),
('RPT-014', 'MHS006', 'Lantai licin di koridor', 'Kamar 503', '2026-04-15 09:06:00', 'BARU'),
('RPT-015', 'MHS069', 'Lampu koridor mati', 'Koridor lantai 302', '2026-04-20 17:42:00', 'SELESAI'),
('RPT-016', 'MHS090', 'Kursi meja belajar patah', 'Tangga darurat 502', '2026-04-03 10:56:00', 'DIPROSES'),
('RPT-017', 'MHS084', 'Ventilasi kamar tersumbat', 'Kamar mandi 101', '2026-03-31 19:17:00', 'BARU'),
('RPT-018', 'MHS089', 'Kamar mandi mampet', 'Musholla 102', '2026-04-22 20:15:00', 'DIPROSES'),
('RPT-019', 'MHS013', 'Tombol flush WC rusak', 'Musholla 403', '2026-06-10 18:17:00', 'BARU'),
('RPT-020', 'MHS016', 'AC tidak dingin', 'Parkir gedung 303', '2026-03-25 12:41:00', 'SELESAI'),
('RPT-021', 'MHS077', 'Kran air bocor', 'Kamar 203', '2026-05-06 13:08:00', 'SELESAI'),
('RPT-022', 'MHS027', 'Kamar mandi mampet', 'Kamar mandi 103', '2026-04-03 12:52:00', 'BARU'),
('RPT-023', 'MHS043', 'Lampu kamar mati', 'Koridor lantai 302', '2026-05-13 10:08:00', 'SELESAI'),
('RPT-024', 'MHS033', 'Pintu kamar susah dikunci', 'Koridor lantai 501', '2026-03-25 06:08:00', 'BARU'),
('RPT-025', 'MHS046', 'Keran shower rusak', 'Ruang tamu gedung 204', '2026-06-15 11:16:00', 'BARU'),
('RPT-026', 'MHS017', 'Pintu kamar susah dikunci', 'Laundry 303', '2026-06-09 21:28:00', 'DIPROSES'),
('RPT-027', 'MHS066', 'Pintu kamar susah dikunci', 'Ruang study 501', '2026-04-21 22:14:00', 'SELESAI'),
('RPT-028', 'MHS006', 'Lantai licin di koridor', 'Tangga darurat 503', '2026-04-20 06:03:00', 'DIPROSES'),
('RPT-029', 'MHS052', 'Pintu kamar susah dikunci', 'Laundry 203', '2026-04-16 20:04:00', 'BARU'),
('RPT-030', 'MHS042', 'Stop kontak rusak', 'Ruang study 202', '2026-06-09 10:17:00', 'SELESAI'),
('RPT-031', 'MHS082', 'Keran shower rusak', 'Ruang study 101', '2026-04-30 22:18:00', 'DIPROSES'),
('RPT-032', 'MHS065', 'Kursi meja belajar patah', 'Ruang study 102', '2026-06-05 09:54:00', 'SELESAI'),
('RPT-033', 'MHS084', 'Kamar mandi mampet', 'Tangga darurat 101', '2026-04-23 20:56:00', 'BARU'),
('RPT-034', 'MHS053', 'Colokan listrik panas', 'Musholla 103', '2026-04-27 19:46:00', 'BARU'),
('RPT-035', 'MHS041', 'Keran shower rusak', 'Laundry 302', '2026-03-24 14:23:00', 'BARU'),
('RPT-036', 'MHS088', 'AC tidak dingin', 'Parkir gedung 402', '2026-06-06 08:05:00', 'DIPROSES'),
('RPT-037', 'MHS013', 'Stop kontak rusak', 'Musholla 403', '2026-04-07 07:37:00', 'SELESAI'),
('RPT-038', 'MHS072', 'Pintu kamar susah dikunci', 'Musholla 104', '2026-04-26 17:55:00', 'SELESAI'),
('RPT-039', 'MHS097', 'Kran air bocor', 'Laundry 502', '2026-05-12 15:22:00', 'BARU'),
('RPT-040', 'MHS074', 'Kamar mandi mampet', 'Tangga darurat 103', '2026-05-29 21:14:00', 'BARU'),
('RPT-041', 'MHS045', 'Tombol flush WC rusak', 'Tangga darurat 102', '2026-06-03 14:36:00', 'BARU'),
('RPT-042', 'MHS055', 'Lampu kamar mati', 'Tangga darurat 303', '2026-04-01 14:01:00', 'BARU'),
('RPT-043', 'MHS035', 'Keran shower rusak', 'Dapur bersama 203', '2026-05-04 06:11:00', 'BARU'),
('RPT-044', 'MHS073', 'AC tidak dingin', 'Laundry 501', '2026-05-30 06:05:00', 'SELESAI'),
('RPT-045', 'MHS068', 'Lampu koridor mati', 'Ruang tamu gedung 101', '2026-04-25 20:21:00', 'BARU'),
('RPT-046', 'MHS048', 'Keran shower rusak', 'Dapur bersama 201', '2026-04-06 08:56:00', 'BARU'),
('RPT-047', 'MHS020', 'Kran air bocor', 'Koridor lantai 104', '2026-03-23 08:17:00', 'DIPROSES'),
('RPT-048', 'MHS085', 'Ventilasi kamar tersumbat', 'Laundry 503', '2026-04-01 20:26:00', 'DIPROSES'),
('RPT-049', 'MHS028', 'Pintu kamar susah dikunci', 'Tangga darurat 403', '2026-05-04 19:07:00', 'DIPROSES'),
('RPT-050', 'MHS087', 'Ventilasi kamar tersumbat', 'Ruang study 101', '2026-04-11 15:02:00', 'BARU');

-- Pembayaran (50)
INSERT INTO payment (payment_id, mahasiswa_id, jumlah_tagihan, denda, tanggal_bayar, status) VALUES
('PAY-001', 'MHS051', 750000, 0, NULL, 'TERLAMBAT'),
('PAY-002', 'MHS027', 850000, 0, '2026-04-29', 'LUNAS'),
('PAY-003', 'MHS018', 900000, 0, '2026-05-28', 'LUNAS'),
('PAY-004', 'MHS016', 1000000, 0, NULL, 'BELUM_BAYAR'),
('PAY-005', 'MHS017', 850000, 0, '2026-05-16', 'LUNAS'),
('PAY-006', 'MHS072', 900000, 0, '2026-06-13', 'LUNAS'),
('PAY-007', 'MHS051', 750000, 50000, NULL, 'TERLAMBAT'),
('PAY-008', 'MHS003', 750000, 0, '2026-04-23', 'LUNAS'),
('PAY-009', 'MHS041', 1200000, 0, '2026-05-23', 'LUNAS'),
('PAY-010', 'MHS091', 900000, 0, '2026-06-10', 'LUNAS'),
('PAY-011', 'MHS052', 900000, 0, NULL, 'BELUM_BAYAR'),
('PAY-012', 'MHS080', 900000, 0, '2026-06-12', 'LUNAS'),
('PAY-013', 'MHS056', 850000, 0, '2026-05-21', 'LUNAS'),
('PAY-014', 'MHS076', 750000, 0, '2026-05-23', 'LUNAS'),
('PAY-015', 'MHS040', 850000, 0, '2026-05-27', 'LUNAS'),
('PAY-016', 'MHS100', 1200000, 150000, NULL, 'BELUM_BAYAR'),
('PAY-017', 'MHS015', 850000, 0, '2026-04-21', 'LUNAS'),
('PAY-018', 'MHS100', 850000, 0, '2026-06-02', 'LUNAS'),
('PAY-019', 'MHS014', 850000, 0, NULL, 'BELUM_BAYAR'),
('PAY-020', 'MHS078', 750000, 0, NULL, 'BELUM_BAYAR'),
('PAY-021', 'MHS099', 1000000, 0, '2026-04-30', 'LUNAS'),
('PAY-022', 'MHS073', 1000000, 0, '2026-05-05', 'LUNAS'),
('PAY-023', 'MHS073', 1200000, 0, '2026-05-28', 'LUNAS'),
('PAY-024', 'MHS081', 1000000, 0, '2026-06-13', 'LUNAS'),
('PAY-025', 'MHS061', 900000, 0, '2026-04-28', 'LUNAS'),
('PAY-026', 'MHS036', 900000, 0, '2026-05-16', 'LUNAS'),
('PAY-027', 'MHS010', 1000000, 0, '2026-06-15', 'LUNAS'),
('PAY-028', 'MHS008', 900000, 0, '2026-06-13', 'LUNAS'),
('PAY-029', 'MHS083', 750000, 100000, NULL, 'TERLAMBAT'),
('PAY-030', 'MHS077', 1000000, 0, '2026-05-11', 'LUNAS'),
('PAY-031', 'MHS071', 750000, 50000, NULL, 'TERLAMBAT'),
('PAY-032', 'MHS074', 900000, 0, '2026-05-10', 'LUNAS'),
('PAY-033', 'MHS061', 750000, 0, '2026-05-20', 'LUNAS'),
('PAY-034', 'MHS014', 900000, 0, '2026-05-03', 'LUNAS'),
('PAY-035', 'MHS011', 850000, 0, '2026-06-15', 'LUNAS'),
('PAY-036', 'MHS032', 1000000, 0, '2026-05-15', 'LUNAS'),
('PAY-037', 'MHS067', 900000, 0, '2026-05-25', 'LUNAS'),
('PAY-038', 'MHS037', 900000, 0, '2026-05-05', 'LUNAS'),
('PAY-039', 'MHS077', 900000, 0, NULL, 'BELUM_BAYAR'),
('PAY-040', 'MHS043', 1000000, 0, NULL, 'BELUM_BAYAR'),
('PAY-041', 'MHS033', 1200000, 0, '2026-04-23', 'LUNAS'),
('PAY-042', 'MHS020', 1200000, 0, '2026-05-06', 'LUNAS'),
('PAY-043', 'MHS019', 900000, 150000, NULL, 'TERLAMBAT'),
('PAY-044', 'MHS090', 850000, 0, '2026-05-10', 'LUNAS'),
('PAY-045', 'MHS091', 900000, 100000, NULL, 'TERLAMBAT'),
('PAY-046', 'MHS049', 900000, 0, '2026-04-26', 'LUNAS'),
('PAY-047', 'MHS017', 1200000, 0, '2026-06-12', 'LUNAS'),
('PAY-048', 'MHS083', 1200000, 0, '2026-05-25', 'LUNAS'),
('PAY-049', 'MHS003', 850000, 0, '2026-04-18', 'LUNAS'),
('PAY-050', 'MHS028', 1000000, 0, '2026-06-05', 'LUNAS');

-- Activity Log (50)
INSERT INTO activity_log (log_id, user_id, aktivitas, keterangan, waktu_aktivitas) VALUES
('LOG-001', 'MHS029', 'Ajukan izin keluar', 'Aktivitas oleh MHS029 pada sistem TelyuStay', '2026-06-13 08:18:00'),
('LOG-002', 'PG003', 'Logout sistem', 'Aktivitas oleh PG003 pada sistem TelyuStay', '2026-06-01 22:02:00'),
('LOG-003', 'MHS085', 'Bayar tagihan', 'Aktivitas oleh MHS085 pada sistem TelyuStay', '2026-05-20 10:38:00'),
('LOG-004', 'MHS049', 'Ajukan izin keluar', 'Aktivitas oleh MHS049 pada sistem TelyuStay', '2026-06-12 11:53:00'),
('LOG-005', 'MHS089', 'Akses dashboard', 'Aktivitas oleh MHS089 pada sistem TelyuStay', '2026-05-23 11:46:00'),
('LOG-006', 'MHS057', 'Login sistem', 'Aktivitas oleh MHS057 pada sistem TelyuStay', '2026-06-04 17:43:00'),
('LOG-007', 'MHS093', 'Update profil', 'Aktivitas oleh MHS093 pada sistem TelyuStay', '2026-06-03 15:48:00'),
('LOG-008', 'MHS096', 'Cek status laporan', 'Aktivitas oleh MHS096 pada sistem TelyuStay', '2026-06-10 13:19:00'),
('LOG-009', 'SR004', 'Cek status laporan', 'Aktivitas oleh SR004 pada sistem TelyuStay', '2026-05-20 12:23:00'),
('LOG-010', 'MHS087', 'Akses dashboard', 'Aktivitas oleh MHS087 pada sistem TelyuStay', '2026-06-03 20:49:00'),
('LOG-011', 'MHS037', 'Cek status izin', 'Aktivitas oleh MHS037 pada sistem TelyuStay', '2026-06-01 22:26:00'),
('LOG-012', 'MHS021', 'Update profil', 'Aktivitas oleh MHS021 pada sistem TelyuStay', '2026-05-23 10:55:00'),
('LOG-013', 'MHS033', 'Login sistem', 'Aktivitas oleh MHS033 pada sistem TelyuStay', '2026-05-28 21:55:00'),
('LOG-014', 'MHS048', 'Ubah data kamar', 'Aktivitas oleh MHS048 pada sistem TelyuStay', '2026-05-19 09:45:00'),
('LOG-015', 'PG003', 'Ubah data kamar', 'Aktivitas oleh PG003 pada sistem TelyuStay', '2026-05-21 09:18:00'),
('LOG-016', 'MHS011', 'Ajukan izin keluar', 'Aktivitas oleh MHS011 pada sistem TelyuStay', '2026-06-09 20:57:00'),
('LOG-017', 'MHS066', 'Ajukan izin keluar', 'Aktivitas oleh MHS066 pada sistem TelyuStay', '2026-05-22 19:05:00'),
('LOG-018', 'MHS029', 'Cek status laporan', 'Aktivitas oleh MHS029 pada sistem TelyuStay', '2026-05-20 17:59:00'),
('LOG-019', 'MHS004', 'Cek status izin', 'Aktivitas oleh MHS004 pada sistem TelyuStay', '2026-06-16 18:32:00'),
('LOG-020', 'MHS048', 'Update profil', 'Aktivitas oleh MHS048 pada sistem TelyuStay', '2026-06-05 08:23:00'),
('LOG-021', 'MHS029', 'Login sistem', 'Aktivitas oleh MHS029 pada sistem TelyuStay', '2026-06-07 09:53:00'),
('LOG-022', 'MHS092', 'Chat asisten AI', 'Aktivitas oleh MHS092 pada sistem TelyuStay', '2026-06-07 10:08:00'),
('LOG-023', 'MHS005', 'Lapor fasilitas', 'Aktivitas oleh MHS005 pada sistem TelyuStay', '2026-05-19 21:44:00'),
('LOG-024', 'PG001', 'Ajukan izin keluar', 'Aktivitas oleh PG001 pada sistem TelyuStay', '2026-05-24 21:28:00'),
('LOG-025', 'MHS079', 'Login sistem', 'Aktivitas oleh MHS079 pada sistem TelyuStay', '2026-05-20 08:01:00'),
('LOG-026', 'MHS033', 'Update profil', 'Aktivitas oleh MHS033 pada sistem TelyuStay', '2026-05-22 10:35:00'),
('LOG-027', 'MHS094', 'Akses dashboard', 'Aktivitas oleh MHS094 pada sistem TelyuStay', '2026-06-01 19:07:00'),
('LOG-028', 'MHS100', 'Lapor fasilitas', 'Aktivitas oleh MHS100 pada sistem TelyuStay', '2026-06-10 15:07:00'),
('LOG-029', 'MHS007', 'Update profil', 'Aktivitas oleh MHS007 pada sistem TelyuStay', '2026-06-04 20:04:00'),
('LOG-030', 'MHS015', 'Cek status laporan', 'Aktivitas oleh MHS015 pada sistem TelyuStay', '2026-05-29 06:40:00'),
('LOG-031', 'MHS066', 'Akses dashboard', 'Aktivitas oleh MHS066 pada sistem TelyuStay', '2026-06-10 10:18:00'),
('LOG-032', 'MHS055', 'Login sistem', 'Aktivitas oleh MHS055 pada sistem TelyuStay', '2026-05-29 17:15:00'),
('LOG-033', 'MHS074', 'Cek status izin', 'Aktivitas oleh MHS074 pada sistem TelyuStay', '2026-06-12 08:33:00'),
('LOG-034', 'MHS047', 'Logout sistem', 'Aktivitas oleh MHS047 pada sistem TelyuStay', '2026-05-18 22:34:00'),
('LOG-035', 'MHS065', 'Ubah data kamar', 'Aktivitas oleh MHS065 pada sistem TelyuStay', '2026-05-31 06:24:00'),
('LOG-036', 'PG006', 'Cek status laporan', 'Aktivitas oleh PG006 pada sistem TelyuStay', '2026-06-16 18:23:00'),
('LOG-037', 'MHS033', 'Export data', 'Aktivitas oleh MHS033 pada sistem TelyuStay', '2026-06-17 17:50:00'),
('LOG-038', 'MHS009', 'Bayar tagihan', 'Aktivitas oleh MHS009 pada sistem TelyuStay', '2026-06-10 09:49:00'),
('LOG-039', 'MHS075', 'Export data', 'Aktivitas oleh MHS075 pada sistem TelyuStay', '2026-05-24 16:08:00'),
('LOG-040', 'MHS006', 'Bayar tagihan', 'Aktivitas oleh MHS006 pada sistem TelyuStay', '2026-05-31 16:52:00'),
('LOG-041', 'MHS083', 'Ajukan izin keluar', 'Aktivitas oleh MHS083 pada sistem TelyuStay', '2026-05-22 20:44:00'),
('LOG-042', 'MHS062', 'Chat asisten AI', 'Aktivitas oleh MHS062 pada sistem TelyuStay', '2026-06-12 10:04:00'),
('LOG-043', 'MHS092', 'Cek status laporan', 'Aktivitas oleh MHS092 pada sistem TelyuStay', '2026-06-16 15:12:00'),
('LOG-044', 'MHS006', 'Update profil', 'Aktivitas oleh MHS006 pada sistem TelyuStay', '2026-05-20 07:20:00'),
('LOG-045', 'MHS040', 'Ubah data kamar', 'Aktivitas oleh MHS040 pada sistem TelyuStay', '2026-06-05 21:16:00'),
('LOG-046', 'MHS005', 'Chat asisten AI', 'Aktivitas oleh MHS005 pada sistem TelyuStay', '2026-06-11 15:22:00'),
('LOG-047', 'PG005', 'Login sistem', 'Aktivitas oleh PG005 pada sistem TelyuStay', '2026-05-21 16:17:00'),
('LOG-048', 'MHS016', 'Bayar tagihan', 'Aktivitas oleh MHS016 pada sistem TelyuStay', '2026-06-04 18:47:00'),
('LOG-049', 'MHS057', 'Cek status izin', 'Aktivitas oleh MHS057 pada sistem TelyuStay', '2026-06-07 11:31:00'),
('LOG-050', 'MHS089', 'Cek status laporan', 'Aktivitas oleh MHS089 pada sistem TelyuStay', '2026-06-06 22:17:00');

-- TOTAL RECORDS: 438 (termasuk data pendukung)
-- Data transaksional inti: 300